Modelo,MAE,RMSE,R²
Random Forest Baseline,1.5964375,2.167376746784001,0.912630971385382
Random Forest Optimizado,1.5547490472708971,2.1305725012417924,0.9155730067594864
