modelo,RMSE,MAE,R^2
AdaBoost,2.4324171144388878,1.7400086656712446,0.8899564002014695
XGBoost,2.2910853740784427,1.7852619647979737,0.9023727100917632
AdaBoost GS,2.2466583568591294,1.6681324069634509,0.9061222312579496
XGB GS,2.321099160340311,1.7433005905151369,0.8997980722477578
